name,handedness,height,weight,avg,HR
Rod Carew,Left-Handed,72,170,0.328,92
Lyman Bostock,Left-Handed,73,180,0.311,23
Matty Alou,Left-Handed,69,160,0.307,31
Ralph Garr,Left-Handed,71,185,0.306,75
Bill Madlock,Right-Handed,71,180,0.305,163
Tony Oliva,Left-Handed,73,175,0.304,220
Manny Mota,Right-Handed,70,160,0.304,31
Pete Rose,Both-Handed,71,192,0.303,160
Al Oliver,Left-Handed,72,195,0.303,219
Bake McBride,Left-Handed,74,190,0.299,63
Rico Carty,Right-Handed,75,200,0.299,204
Jim Rice,Right-Handed,74,200,0.298,382
Cecil Cooper,Left-Handed,74,165,0.298,241
Joe Torre,Right-Handed,74,212,0.297,252
Manny Sanguillen,Right-Handed,72,193,0.296,65
Keith Hernandez,Left-Handed,72,180,0.296,162
Mickey Rivers,Left-Handed,70,165,0.295,61
Bob Watson,Right-Handed,72,201,0.295,184
Steve Garvey,Right-Handed,70,192,0.294,272
Lou Brock,Left-Handed,71,170,0.293,149
Mike Easler,Left-Handed,72,190,0.293,118
Ron Blomberg,Left-Handed,73,195,0.293,52
Thurman Munson,Right-Handed,71,190,0.292,113
Dick Allen,Right-Handed,71,187,0.292,351
Lou Piniella,Right-Handed,72,182,0.291,102
Hal McRae,Right-Handed,71,180,0.29,191
Johnny Ray,Both-Handed,71,170,0.29,53
Gene Richards,Left-Handed,72,175,0.29,26
Mike Hargrove,Left-Handed,72,195,0.29,80
Bill Buckner,Left-Handed,72,185,0.289,174
Jerry Mumphrey,Both-Handed,74,185,0.289,70
Alex Johnson,Right-Handed,72,205,0.288,78
Ron LeFlore,Right-Handed,72,200,0.288,59
Greg Gross,Left-Handed,70,160,0.287,7
Richie Zisk,Right-Handed,73,200,0.287,207
Lamar Johnson,Right-Handed,74,215,0.287,64
Jose Morales,Right-Handed,71,187,0.287,26
Reggie Smith,Both-Handed,72,180,0.287,314
Lee Lacy,Right-Handed,73,175,0.286,91
Tony Gonzalez,Left-Handed,69,170,0.286,103
Phil Bradley,Right-Handed,72,185,0.286,78
Carl Yastrzemski,Left-Handed,71,175,0.285,452
Garry Maddox,Right-Handed,75,175,0.285,117
Ted Simmons,Both-Handed,71,193,0.285,248
Cesar Cedeno,Right-Handed,74,175,0.285,199
Jose Cruz,Left-Handed,72,170,0.284,165
Floyd Robinson,Left-Handed,69,175,0.283,67
Dave Cash,Right-Handed,71,170,0.283,21
Fred Lynn,Left-Handed,73,185,0.283,306
Damaso Garcia,Right-Handed,73,165,0.283,36
Glenn Beckert,Right-Handed,73,190,0.283,22
Ken Singleton,Both-Handed,76,210,0.282,246
Tom Paciorek,Right-Handed,76,215,0.282,86
Bruce Bochte,Left-Handed,75,195,0.282,100
Wayne Nordhagen,Right-Handed,74,205,0.282,39
Willie Stargell,Left-Handed,74,188,0.282,475
Al Bumbry,Left-Handed,68,170,0.281,54
Gary Matthews,Right-Handed,74,185,0.281,234
Terry Whitfield,Left-Handed,73,197,0.281,33
Cleon Jones,Right-Handed,72,185,0.281,93
Jesus Alou,Right-Handed,74,190,0.28,32
Steve Henderson,Right-Handed,74,190,0.28,68
Mickey Hatcher,Right-Handed,74,200,0.28,38
Glenn Adams,Left-Handed,73,180,0.28,34
Chris Chambliss,Left-Handed,73,195,0.279,185
Tony Perez,Right-Handed,74,175,0.279,379
Rusty Staub,Left-Handed,74,190,0.279,292
Mike Vail,Right-Handed,73,180,0.279,34
Vic Davalillo,Left-Handed,67,150,0.279,36
Felix Millan,Right-Handed,71,172,0.279,22
Buddy Bell,Right-Handed,73,180,0.279,201
Keith Moreland,Right-Handed,72,190,0.279,121
Willie Davis,Left-Handed,74,180,0.279,182
Cesar Tovar,Right-Handed,69,155,0.278,46
Jim Ray Hart,Right-Handed,71,185,0.278,170
Jorge Orta,Left-Handed,70,170,0.278,130
George Hendrick,Right-Handed,75,195,0.278,267
Claudell Washington,Left-Handed,72,190,0.278,164
Dusty Baker,Right-Handed,74,183,0.278,242
Johnny Grubb,Left-Handed,75,175,0.278,99
Steve Kemp,Left-Handed,72,195,0.278,130
John Castino,Right-Handed,71,175,0.278,41
Ellis Valentine,Right-Handed,76,205,0.278,123
Gene Clines,Right-Handed,69,170,0.277,5
Jeff Stone,Left-Handed,72,175,0.277,11
Ron Santo,Right-Handed,72,190,0.277,342
Leon Durham,Left-Handed,73,185,0.277,147
Amos Otis,Right-Handed,71,165,0.277,193
Enos Cabell,Right-Handed,76,170,0.277,60
Bob Horner,Right-Handed,73,195,0.277,218
Rick Peters,Both-Handed,69,170,0.277,2
Bobby Murcer,Left-Handed,71,160,0.277,252
Dane Iorg,Left-Handed,72,180,0.276,14
Richie Hebner,Left-Handed,73,195,0.276,203
Greg Luzinski,Right-Handed,73,220,0.276,307
Gary Ward,Right-Handed,74,195,0.276,130
Danny Cater,Right-Handed,72,170,0.276,66
Jose Cardenal,Right-Handed,70,150,0.275,138
Willie Montanez,Left-Handed,72,170,0.275,139
Jerry Remy,Left-Handed,69,165,0.275,7
Gene Locklear,Left-Handed,70,165,0.274,9
George Foster,Right-Handed,73,180,0.274,348
Juan Beniquez,Right-Handed,71,150,0.274,79
Rennie Stennett,Right-Handed,71,160,0.274,41
Donn Clendenon,Right-Handed,76,209,0.274,159
Larry Herndon,Right-Handed,75,190,0.274,107
Terry Francona,Left-Handed,73,190,0.274,16
Carlos May,Left-Handed,71,200,0.274,90
Steve Ontiveros,Both-Handed,72,185,0.274,24
Darrell Brown,Both-Handed,72,184,0.274,1
Von Joshua,Left-Handed,70,170,0.273,30
Larry Hisle,Right-Handed,74,193,0.273,166
Ron Hunt,Right-Handed,72,186,0.273,39
Larry Biittner,Left-Handed,74,205,0.273,29
Ben Oglivie,Left-Handed,74,160,0.273,235
Chet Lemon,Right-Handed,72,190,0.273,215
Rick Burleson,Right-Handed,70,165,0.273,50
Willie Horton,Right-Handed,71,209,0.273,325
Dave Collins,Both-Handed,71,175,0.272,32
Manny Jimenez,Left-Handed,73,185,0.272,26
Bob Johnson,Right-Handed,70,175,0.272,44
Barry Bonnell,Right-Handed,75,190,0.272,56
Thad Bosley,Left-Handed,75,175,0.272,20
Bill Sample,Right-Handed,69,175,0.272,46
Merv Rettenmund,Right-Handed,70,190,0.271,66
Al Woods,Left-Handed,75,190,0.271,35
Rudy Law,Left-Handed,73,165,0.271,18
Duane Kuiper,Left-Handed,72,175,0.271,1
Joe Morgan,Left-Handed,67,160,0.271,268
Steve Braun,Left-Handed,70,180,0.271,52
Ray Knight,Right-Handed,73,185,0.271,84
Dave Stapleton,Right-Handed,73,178,0.271,41
Willie Aikens,Left-Handed,75,220,0.271,110
Broderick Perkins,Left-Handed,70,180,0.271,8
Roy White,Both-Handed,70,160,0.271,160
Sixto Lezcano,Right-Handed,70,165,0.271,148
Walt Williams,Right-Handed,66,165,0.27,33
Dan Ford,Right-Handed,73,185,0.27,121
Al Cowens,Right-Handed,73,197,0.27,108
Rufino Linares,Right-Handed,72,170,0.27,11
Paul Dade,Right-Handed,73,185,0.27,10
Tim Corcoran,Left-Handed,71,175,0.27,12
Jack Perconte,Left-Handed,70,160,0.27,2
Alan Bannister,Right-Handed,71,170,0.27,19
Rich Rollins,Right-Handed,70,185,0.269,77
Chris Brown,Right-Handed,72,185,0.269,38
Ron Pruitt,Right-Handed,72,185,0.269,12
Mike Ivie,Right-Handed,75,205,0.269,81
Tommy Helms,Right-Handed,70,165,0.269,34
Rick Miller,Left-Handed,72,175,0.269,28
Willie Crawford,Left-Handed,73,197,0.268,86
George Vukovich,Left-Handed,72,198,0.268,27
Ken Landreaux,Left-Handed,70,165,0.268,91
George Scott,Right-Handed,74,200,0.268,271
Tony Horton,Right-Handed,75,210,0.268,76
David Green,Right-Handed,75,170,0.268,31
Bobby Bonds,Right-Handed,73,190,0.268,332
Tito Fuentes,Both-Handed,71,175,0.268,45
Rick Leach,Left-Handed,73,180,0.268,18
Tom Poquette,Left-Handed,70,175,0.268,10
Jay Johnstone,Left-Handed,73,175,0.267,102
Dave Concepcion,Right-Handed,74,155,0.267,101
Jim Northrup,Left-Handed,75,190,0.267,153
Barbaro Garbey,Right-Handed,70,170,0.267,11
Bill Stein,Right-Handed,70,170,0.267,44
R.J. Reynolds,Both-Handed,72,190,0.267,35
Johnny Bench,Right-Handed,73,197,0.267,389
Lee May,Right-Handed,75,195,0.267,354
Dan Driessen,Left-Handed,71,187,0.267,153
Wes Parker,Both-Handed,73,180,0.267,64
Leon Roberts,Right-Handed,75,200,0.267,78
Mike Schmidt,Right-Handed,74,195,0.267,548
Bubba Morton,Right-Handed,70,175,0.267,14
Bump Wills,Both-Handed,69,172,0.266,36
Jeffrey Leonard,Right-Handed,74,200,0.266,144
Mitchell Page,Left-Handed,74,205,0.266,72
Bobby Grich,Right-Handed,74,180,0.266,224
Wayne Krenchicki,Left-Handed,73,180,0.266,15
Carl Taylor,Right-Handed,74,200,0.266,10
Boog Powell,Left-Handed,76,230,0.266,339
Reid Nichols,Right-Handed,71,165,0.266,22
Joe Charboneau,Right-Handed,74,205,0.266,29
Gail Hopkins,Left-Handed,70,198,0.266,25
Oscar Gamble,Left-Handed,71,160,0.265,200
Bombo Rivera,Right-Handed,70,187,0.265,10
Dick Davis,Right-Handed,75,190,0.265,27
Miguel Dilone,Both-Handed,72,160,0.265,6
Bobby Tolan,Left-Handed,71,170,0.265,86
Mike Brown,Right-Handed,74,195,0.265,23
Joel Youngblood,Right-Handed,72,180,0.265,80
Rich Coggins,Left-Handed,68,170,0.265,12
Ron Oester,Both-Handed,74,185,0.265,42
Jim Holt,Left-Handed,72,180,0.265,19
Ollie Brown,Right-Handed,74,178,0.265,102
Jim Fregosi,Right-Handed,73,190,0.265,151
Daryl Sconiers,Left-Handed,74,185,0.265,15
Dave Revering,Left-Handed,76,210,0.265,62
Eric Soderholm,Right-Handed,71,187,0.264,102
Junior Moore,Right-Handed,71,185,0.264,7
Chuck Hinton,Right-Handed,73,180,0.264,113
Toby Harrah,Right-Handed,72,175,0.264,195
Rick Monday,Left-Handed,75,193,0.264,241
Jim Norris,Left-Handed,70,175,0.264,7
Bernie Carbo,Left-Handed,71,173,0.264,96
Bob Molinaro,Left-Handed,72,190,0.264,14
Don Buford,Both-Handed,67,160,0.264,93
Ken Retzer,Left-Handed,72,185,0.264,14
Phil Mankowski,Left-Handed,72,180,0.264,8
Pat Kelly,Left-Handed,73,185,0.264,76
Bob Bailor,Right-Handed,71,170,0.264,9
Joe Rudi,Right-Handed,74,200,0.264,179
Tony Conigliaro,Right-Handed,75,185,0.264,166
Joe Nolan,Left-Handed,71,175,0.263,27
Bruce Boisclair,Left-Handed,74,185,0.263,10
Cookie Rojas,Right-Handed,70,160,0.263,54
Larry Parrish,Right-Handed,75,190,0.263,256
Milt May,Left-Handed,72,190,0.263,77
Al Gallagher,Right-Handed,72,180,0.263,11
Richie Scheinblum,Both-Handed,73,180,0.263,13
Ted Uhlaender,Left-Handed,74,190,0.263,36
Davey Lopes,Right-Handed,69,170,0.263,155
Manny Trillo,Right-Handed,73,150,0.263,61
Bill Russell,Right-Handed,72,175,0.263,46
Ed Charles,Right-Handed,70,170,0.263,86
John Wockenfuss,Right-Handed,72,190,0.262,86
Scot Thompson,Left-Handed,75,195,0.262,5
Dave Engle,Right-Handed,75,210,0.262,31
Ted Sizemore,Right-Handed,70,165,0.262,23
Willie Upshaw,Left-Handed,72,185,0.262,123
Reggie Jackson,Left-Handed,72,195,0.262,563
John Wathan,Right-Handed,74,205,0.262,21
John Ellis,Right-Handed,74,225,0.262,69
Bill Freehan,Right-Handed,75,203,0.262,200
Elliott Maddox,Right-Handed,71,180,0.261,18
Ed Kranepool,Left-Handed,75,205,0.261,118
Jeff Burroughs,Right-Handed,73,200,0.261,240
Billy North,Both-Handed,71,185,0.261,20
Dick Dietz,Right-Handed,73,195,0.261,66
Jose Tartabull,Left-Handed,71,165,0.261,2
Ron Washington,Right-Handed,71,155,0.261,20
Roy Howell,Left-Handed,73,190,0.261,80
Bob Chance,Left-Handed,74,196,0.261,24
Charlie Moore,Right-Handed,71,180,0.261,36
Rick Reichardt,Right-Handed,75,210,0.261,116
Davey Johnson,Right-Handed,73,170,0.261,136
Don Money,Right-Handed,73,170,0.261,176
Ron Cey,Right-Handed,70,185,0.261,316
Jason Thompson,Left-Handed,76,200,0.261,208
John Stearns,Right-Handed,72,185,0.26,46
Ed Goodson,Left-Handed,75,180,0.26,30
Jim Morrison,Right-Handed,71,175,0.26,112
Don Baylor,Right-Handed,73,190,0.26,338
Ken Reitz,Right-Handed,72,180,0.26,68
Art Howe,Right-Handed,74,190,0.26,43
Larry Bowa,Both-Handed,70,155,0.26,15
Jim Dwyer,Left-Handed,70,165,0.26,77
Greg Walker,Left-Handed,75,205,0.26,113
Brock Davis,Left-Handed,70,160,0.26,1
Jim Wohlford,Right-Handed,71,175,0.26,21
Julio Gotay,Right-Handed,72,180,0.26,6
Mike Squires,Left-Handed,71,185,0.26,6
Bobby Valentine,Right-Handed,70,189,0.26,12
Phil Garner,Right-Handed,70,175,0.26,109
Tony Muser,Left-Handed,74,180,0.259,7
Mike Davis,Left-Handed,74,175,0.259,91
Ron Jackson,Right-Handed,72,200,0.259,56
Mickey Brantley,Right-Handed,70,180,0.259,32
Clint Hurdle,Left-Handed,75,195,0.259,32
Hosken Powell,Left-Handed,73,175,0.259,17
Doug DeCinces,Right-Handed,74,190,0.259,237
Ed Ott,Left-Handed,70,190,0.259,33
Alan Wiggins,Both-Handed,74,160,0.259,5
Lee Mazzilli,Both-Handed,73,180,0.259,93
Jerry Morales,Right-Handed,70,155,0.259,95
Bert Campaneris,Right-Handed,70,160,0.259,79
Al Ferrara,Right-Handed,73,200,0.259,51
Mark Brouhard,Right-Handed,73,210,0.259,25
Rowland Office,Left-Handed,72,170,0.259,32
Bill Robinson,Right-Handed,74,189,0.258,166
Duane Josephson,Right-Handed,72,190,0.258,23
Cesar Geronimo,Left-Handed,72,165,0.258,51
Bob Montgomery,Right-Handed,73,195,0.258,23
Steve Brye,Right-Handed,72,190,0.258,30
Jerry Hairston,Both-Handed,70,170,0.258,30
Mike Andrews,Right-Handed,75,195,0.258,66
Cliff Johnson,Right-Handed,76,215,0.258,196
Lou Johnson,Right-Handed,71,170,0.258,48
Joe Lefebvre,Left-Handed,70,170,0.258,31
Steve Hovley,Left-Handed,70,188,0.258,8
Mike Cubbage,Left-Handed,72,180,0.258,34
Joe Pepitone,Left-Handed,74,185,0.258,219
Del Unser,Left-Handed,73,180,0.258,87
Garth Iorg,Right-Handed,71,170,0.258,20
Julian Javier,Right-Handed,73,175,0.257,78
Ken Henderson,Both-Handed,74,180,0.257,122
Rick Manning,Left-Handed,73,180,0.257,56
Bob Randall,Right-Handed,74,175,0.257,1
Roy Smalley,Both-Handed,73,185,0.257,163
Gates Brown,Left-Handed,71,220,0.257,84
Pete LaCock,Left-Handed,74,200,0.257,27
Mario Guerrero,Right-Handed,70,155,0.257,7
Biff Pocoroba,Both-Handed,70,175,0.257,21
Len Randle,Both-Handed,70,169,0.257,27
Bob Bailey,Right-Handed,73,180,0.257,189
Jerry Turner,Left-Handed,69,180,0.257,45
Tommy Harper,Right-Handed,69,165,0.257,146
Tom Haller,Left-Handed,76,195,0.257,134
Leo Cardenas,Right-Handed,71,150,0.257,118
Rich Dauer,Right-Handed,72,180,0.257,43
Dave Rader,Left-Handed,71,165,0.257,30
Juan Bonilla,Right-Handed,69,170,0.256,7
Walt Bond,Left-Handed,79,228,0.256,41
Cito Gaston,Right-Handed,75,190,0.256,91
Billy Conigliaro,Right-Handed,72,180,0.256,40
Horace Clarke,Both-Handed,69,170,0.256,27
Craig Reynolds,Left-Handed,73,175,0.256,42
Ike Brown,Right-Handed,72,190,0.256,20
Boots Day,Left-Handed,69,160,0.256,8
Ray Fosse,Right-Handed,74,215,0.256,61
Bob Oliver,Right-Handed,75,205,0.256,94
Tom O'Malley,Left-Handed,72,180,0.256,13
Bo Diaz,Right-Handed,71,185,0.255,87
Pat Putnam,Left-Handed,72,205,0.255,63
Frank White,Right-Handed,71,165,0.255,160
Tim Flannery,Left-Handed,71,175,0.255,9
Ken Berry,Right-Handed,72,175,0.255,58
Frank Taveras,Right-Handed,72,155,0.255,2
Tony Solaita,Left-Handed,72,210,0.255,50
Bob Dernier,Right-Handed,72,160,0.255,23
Charlie James,Right-Handed,73,195,0.255,29
Lee Thomas,Left-Handed,74,195,0.255,106
Wallace Johnson,Both-Handed,72,173,0.255,5
Tommie Agee,Right-Handed,71,195,0.255,130
Champ Summers,Left-Handed,74,205,0.255,54
Butch Wynegar,Both-Handed,73,190,0.255,65
Mike Shannon,Right-Handed,75,195,0.255,68
Bill Sharp,Left-Handed,70,178,0.255,9
Ivan DeJesus,Right-Handed,71,175,0.254,21
Sal Bando,Right-Handed,72,195,0.254,242
Rich Chiles,Left-Handed,71,170,0.254,6
Gene Alley,Right-Handed,70,160,0.254,55
Pete Ward,Left-Handed,73,185,0.254,98
Larry Milbourne,Both-Handed,72,161,0.254,11
Felix Torres,Right-Handed,71,165,0.254,27
Jimmie Hall,Left-Handed,72,175,0.254,121
Bob Boone,Right-Handed,74,195,0.254,105
Andre Thornton,Right-Handed,75,200,0.254,253
Bill Almon,Right-Handed,75,180,0.254,36
Brian Asselstine,Left-Handed,73,175,0.254,12
Fred Whitfield,Left-Handed,73,190,0.253,108
Eddie Milner,Left-Handed,71,173,0.253,42
Jerry White,Both-Handed,70,164,0.253,21
John Mayberry,Left-Handed,75,215,0.253,255
Larvell Blanks,Right-Handed,68,167,0.253,20
John Lowenstein,Left-Handed,72,175,0.253,116
Bill Melton,Right-Handed,74,200,0.253,160
Rich Reese,Left-Handed,75,185,0.253,52
Johnny Briggs,Left-Handed,73,190,0.253,139
Terry Harper,Right-Handed,76,195,0.253,36
Dan Meyer,Left-Handed,71,180,0.253,86
Len Gabrielson,Left-Handed,76,210,0.253,37
Roy Foster,Right-Handed,72,185,0.253,45
Art Shamsky,Left-Handed,73,168,0.253,68
Jerry Terrell,Right-Handed,71,165,0.253,4
Jim Hickman,Right-Handed,75,192,0.252,159
Joe Azcue,Right-Handed,72,190,0.252,50
Omar Moreno,Left-Handed,74,180,0.252,37
Mike Hershberger,Right-Handed,70,175,0.252,26
Dave Chalk,Right-Handed,70,175,0.252,15
Don Kessinger,Both-Handed,73,170,0.252,14
Mack Jones,Left-Handed,73,180,0.252,133
Lynn Jones,Right-Handed,69,175,0.252,7
Tony Armas,Right-Handed,71,182,0.252,251
Jerry Grote,Right-Handed,70,185,0.252,39
Otto Velez,Right-Handed,72,170,0.251,78
Rico Petrocelli,Right-Handed,72,175,0.251,210
Benny Ayala,Right-Handed,73,185,0.251,38
Jim Lefebvre,Both-Handed,72,180,0.251,74
Mike de la Hoz,Right-Handed,71,175,0.251,25
U L Washington,Both-Handed,71,175,0.251,27
Barry Evans,Right-Handed,73,180,0.251,2
Lenny Faedo,Right-Handed,72,170,0.251,5
Tim Foli,Right-Handed,72,179,0.251,25
Albert Hall,Both-Handed,71,155,0.251,5
Jack Hiatt,Right-Handed,74,190,0.251,22
Jerry Martin,Right-Handed,73,195,0.251,85
Sonny Jackson,Left-Handed,69,150,0.251,7
Andre Robertson,Right-Handed,70,155,0.251,5
Dave May,Left-Handed,70,186,0.251,96
Bobby Darwin,Right-Handed,74,190,0.251,83
Doug Rader,Right-Handed,74,208,0.251,155
Rob Andrews,Right-Handed,72,185,0.251,3
Jerry Moses,Right-Handed,75,210,0.251,25
Jesse Gonder,Left-Handed,70,180,0.251,26
Denny Doyle,Left-Handed,69,175,0.25,16
Dick Bertell,Right-Handed,72,200,0.25,10
Johnny Oates,Left-Handed,71,188,0.25,14
Terry Crowley,Left-Handed,72,180,0.25,42
Rick Bosetti,Right-Handed,71,185,0.25,17
Marv Breeding,Right-Handed,72,175,0.25,7
Paul Blair,Right-Handed,72,168,0.25,134
Jim Pankovits,Right-Handed,70,170,0.25,9
Nick Esasky,Right-Handed,75,200,0.25,122
Jim Spencer,Left-Handed,74,195,0.25,146
Bob Stinson,Both-Handed,71,180,0.25,33
Fran Healy,Right-Handed,77,220,0.25,20
Joe Strain,Right-Handed,70,169,0.25,1
Mike Edwards,Right-Handed,70,154,0.25,2
Greg Pryor,Right-Handed,72,180,0.25,14
Ruppert Jones,Left-Handed,70,170,0.25,147
Jake Wood,Right-Handed,73,163,0.25,35
Jimmy Wynn,Right-Handed,70,160,0.25,291
Leron Lee,Left-Handed,72,196,0.25,31
Denis Menke,Right-Handed,72,185,0.25,101
Wilbur Howard,Both-Handed,74,170,0.25,6
Gary Thomasson,Left-Handed,73,180,0.249,61
Tony Scott,Both-Handed,72,164,0.249,17
Chico Salmon,Right-Handed,70,160,0.249,31
Derrel Thomas,Both-Handed,72,160,0.249,43
John Milner,Left-Handed,72,185,0.249,131
Alex Trevino,Right-Handed,70,165,0.249,23
Don Mincher,Left-Handed,75,205,0.249,200
John Orsino,Right-Handed,75,215,0.249,40
Jerry Royster,Right-Handed,72,165,0.249,40
Tito Landrum,Right-Handed,71,175,0.249,13
Tom Grieve,Right-Handed,74,190,0.249,65
Darrell Evans,Left-Handed,74,200,0.248,414
Jim Lyttle,Left-Handed,72,180,0.248,9
Ken Boswell,Left-Handed,72,170,0.248,31
Ken McMullen,Right-Handed,75,190,0.248,156
Dick Howser,Right-Handed,68,155,0.248,16
Willie Smith,Left-Handed,72,182,0.248,46
Graig Nettles,Left-Handed,72,180,0.248,390
Joe Foy,Right-Handed,72,215,0.248,58
Tom Hutton,Left-Handed,71,180,0.248,22
Danny Thompson,Right-Handed,72,183,0.248,15
Jim Sundberg,Right-Handed,72,190,0.248,95
Rob Wilfong,Left-Handed,73,180,0.248,39
Ron Theobald,Right-Handed,68,165,0.248,2
Carl Warwick,Right-Handed,70,170,0.248,31
Butch Hobson,Right-Handed,73,193,0.248,98
Mickey Stanley,Right-Handed,73,185,0.248,117
Junior Kennedy,Right-Handed,71,175,0.248,4
Rod Gilbreath,Right-Handed,74,180,0.248,14
Steve Nicosia,Right-Handed,70,185,0.248,11
Larry Harlow,Left-Handed,74,185,0.248,12
Luis Melendez,Right-Handed,72,165,0.248,9
Garry Hancock,Left-Handed,72,175,0.247,12
Bucky Dent,Right-Handed,69,170,0.247,40
Gary Roenicke,Right-Handed,75,205,0.247,121
Lou Clinton,Right-Handed,73,185,0.247,65
Adolfo Phillips,Right-Handed,73,175,0.247,59
Dick McAuliffe,Left-Handed,71,176,0.247,197
Mike Diaz,Right-Handed,74,195,0.247,31
Darrell Porter,Left-Handed,72,193,0.247,188
Marvell Wynne,Left-Handed,71,175,0.247,40
Brant Alyea,Right-Handed,75,215,0.247,38
Mike Lum,Left-Handed,72,180,0.247,90
Earl Williams,Right-Handed,75,215,0.247,138
Bob Heise,Right-Handed,72,175,0.247,1
Max Alvis,Right-Handed,71,185,0.247,111
Merritt Ranew,Left-Handed,71,170,0.247,8
Bob Brenly,Right-Handed,74,210,0.247,91
Ken Hubbs,Right-Handed,74,175,0.247,14
Mike Young,Both-Handed,74,195,0.247,72
Ed Romero,Right-Handed,71,160,0.247,8
Tommy McCraw,Left-Handed,72,183,0.246,75
Tom Brookens,Right-Handed,70,165,0.246,71
Charlie Spikes,Right-Handed,75,215,0.246,65
Joe Keough,Left-Handed,72,185,0.246,9
Rafael Santana,Right-Handed,73,165,0.246,13
Dave Marshall,Left-Handed,73,182,0.246,16
Bruce Miller,Right-Handed,73,185,0.246,1
Mike Anderson,Right-Handed,74,200,0.246,28
Chris Speier,Right-Handed,73,175,0.246,112
Marty Perez,Right-Handed,71,160,0.246,22
Dwayne Murphy,Left-Handed,73,185,0.246,166
Jack Brohamer,Left-Handed,70,165,0.245,30
Angel Mangual,Right-Handed,70,178,0.245,22
Roger Freed,Right-Handed,72,190,0.245,22
Bobby Brown,Both-Handed,74,190,0.245,26
Ted Cox,Right-Handed,75,195,0.245,10
Roberto Pena,Right-Handed,68,170,0.245,13
Sandy Alomar,Both-Handed,69,140,0.245,13
Jody Davis,Right-Handed,76,192,0.245,127
Tom Tresh,Both-Handed,73,180,0.245,153
Doug Griffin,Right-Handed,72,160,0.245,7
George Wright,Both-Handed,71,180,0.245,42
Bryan Little,Both-Handed,70,160,0.245,3
Alan Ashby,Both-Handed,74,185,0.245,90
Ellie Rodriguez,Right-Handed,71,185,0.245,16
Curt Ford,Left-Handed,70,150,0.245,7
Pedro Gonzalez,Right-Handed,72,176,0.244,8
Johnny Jeter,Right-Handed,73,180,0.244,18
Glenn Hubbard,Right-Handed,69,150,0.244,70
Leroy Stanton,Right-Handed,73,195,0.244,77
Ray Webster,Left-Handed,72,185,0.244,17
Jim Essian,Right-Handed,74,195,0.244,33
Deron Johnson,Right-Handed,74,200,0.244,245
Paul Schaal,Right-Handed,71,165,0.244,57
Dave Nelson,Right-Handed,70,160,0.244,20
Joe Wallis,Both-Handed,71,180,0.244,16
Mike Epstein,Left-Handed,75,230,0.244,130
Floyd Rayford,Right-Handed,70,190,0.244,38
Marty Martinez,Both-Handed,72,170,0.243,0
Darryl Motley,Right-Handed,69,196,0.243,44
Ozzie Virgil,Right-Handed,73,180,0.243,98
Chuck Hiller,Left-Handed,71,170,0.243,20
Nate Colbert,Right-Handed,74,190,0.243,173
Gary Woods,Right-Handed,74,185,0.243,13
Bobby Mitchell,Left-Handed,70,170,0.243,3
Steve Dillard,Right-Handed,73,180,0.243,13
Rick Sofield,Left-Handed,73,195,0.243,9
Mark Wagner,Right-Handed,72,165,0.243,3
Rey Quinones,Right-Handed,71,160,0.243,29
Hal Breeden,Right-Handed,74,200,0.243,21
Mike Jorgensen,Left-Handed,72,195,0.243,95
Rick Joseph,Right-Handed,73,192,0.243,13
Gary Sutherland,Right-Handed,72,185,0.243,24
Manny Castillo,Both-Handed,69,160,0.242,3
Willie Norwood,Right-Handed,72,185,0.242,18
Joe Simpson,Left-Handed,75,175,0.242,9
Mike Hegan,Left-Handed,73,188,0.242,53
Don Wert,Right-Handed,70,162,0.242,77
Bob Robertson,Right-Handed,73,195,0.242,115
Glenn Hoffman,Right-Handed,73,175,0.242,23
Bruce Benedict,Right-Handed,73,175,0.242,18
Johnny Edwards,Left-Handed,76,220,0.242,81
Bob Brower,Right-Handed,71,185,0.242,17
Ron Swoboda,Right-Handed,74,195,0.242,73
Freddie Patek,Right-Handed,65,148,0.242,41
Pepe Mangual,Right-Handed,70,157,0.242,16
Rod Kanehl,Right-Handed,73,180,0.241,6
Frank Tepedino,Left-Handed,71,185,0.241,6
Dave Skaggs,Right-Handed,74,200,0.241,3
Mike Tyson,Right-Handed,69,170,0.241,27
Mickey Klutts,Right-Handed,71,170,0.241,14
Bill Fahey,Left-Handed,72,200,0.241,7
Tom Veryzer,Right-Handed,73,175,0.241,14
Ron Stone,Left-Handed,74,185,0.241,6
Bill Nahorodny,Right-Handed,74,200,0.241,25
Joe Gaines,Right-Handed,73,190,0.241,21
Hank Allen,Right-Handed,72,190,0.241,6
Gene Tenace,Right-Handed,72,190,0.241,201
Wayne Tolleson,Both-Handed,69,160,0.241,9
Mike Ramsey,Both-Handed,73,170,0.24,2
Mike Phillips,Left-Handed,72,170,0.24,11
Ron Hodges,Left-Handed,73,185,0.24,19
Ted Martinez,Right-Handed,72,165,0.24,7
Ed Herrmann,Left-Handed,73,195,0.24,80
Gary Gray,Right-Handed,72,187,0.24,24
Dick Green,Right-Handed,70,180,0.24,80
Domingo Ramos,Right-Handed,70,154,0.24,8
Bill Schroeder,Right-Handed,74,200,0.24,61
Pepe Frias,Right-Handed,70,159,0.24,1
Joe Ferguson,Right-Handed,74,200,0.24,122
Chico Ruiz,Both-Handed,72,169,0.24,2
Wayne Garrett,Left-Handed,71,175,0.239,61
Chuck Schilling,Right-Handed,70,160,0.239,23
Dave Roberts,Right-Handed,75,215,0.239,49
Bernie Allen,Left-Handed,72,175,0.239,73
Bruce Bochy,Right-Handed,75,205,0.239,26
Duke Sims,Left-Handed,74,197,0.239,100
Joe Hague,Left-Handed,72,195,0.239,40
Bobby Clark,Right-Handed,72,190,0.239,19
Onix Concepcion,Right-Handed,66,160,0.239,3
Kiko Garcia,Right-Handed,71,180,0.239,12
Charley Smith,Right-Handed,73,170,0.239,69
Ken Phelps,Left-Handed,73,209,0.239,123
Ron Brand,Right-Handed,67,167,0.239,3
Ken Harrelson,Right-Handed,74,190,0.239,131
Ed Spiezio,Right-Handed,71,180,0.238,39
Rick Rhoden,Right-Handed,75,195,0.238,9
Don Lock,Right-Handed,74,195,0.238,122
John Donaldson,Left-Handed,71,160,0.238,4
Doug Flynn,Right-Handed,71,165,0.238,7
Chuck Harrison,Right-Handed,70,185,0.238,17
Doc Edwards,Right-Handed,74,215,0.238,15
Phil Gagliano,Right-Handed,73,180,0.238,14
Ty Cline,Left-Handed,72,170,0.238,6
Ron Roenicke,Both-Handed,72,180,0.238,17
Norm Miller,Left-Handed,70,185,0.238,24
Ed Kirkpatrick,Left-Handed,71,195,0.238,85
Aurelio Rodriguez,Right-Handed,70,180,0.237,124
Jimmy Stewart,Both-Handed,72,165,0.237,8
Rafael Landestoy,Both-Handed,70,165,0.237,4
Glenn Burke,Right-Handed,72,195,0.237,2
Jerry McNertney,Right-Handed,72,180,0.237,27
Curt Blefary,Left-Handed,74,195,0.237,112
Dave Edwards,Right-Handed,72,170,0.237,14
Julio Cruz,Both-Handed,69,165,0.237,23
Ed Stroud,Left-Handed,71,180,0.237,14
Harry Spilman,Left-Handed,73,180,0.237,18
Jackie Gutierrez,Right-Handed,71,175,0.237,4
Jerry Kenney,Left-Handed,73,170,0.237,7
Gil Garrido,Right-Handed,69,150,0.237,1
Dave Kingman,Right-Handed,78,210,0.236,442
Kurt Bevacqua,Right-Handed,72,180,0.236,27
Byron Browne,Right-Handed,74,190,0.236,30
Billy Cowan,Right-Handed,72,170,0.236,40
Paul Householder,Both-Handed,72,180,0.236,29
George Mitterwald,Right-Handed,74,195,0.236,76
Bobby Knoop,Right-Handed,73,170,0.236,56
Danny Goodwin,Left-Handed,73,195,0.236,13
Bud Harrelson,Both-Handed,71,160,0.236,7
Woody Woodward,Right-Handed,74,180,0.236,1
Andy Kosco,Right-Handed,75,205,0.236,73
Randy Hundley,Right-Handed,71,170,0.236,82
Rodney Scott,Both-Handed,72,160,0.236,3
Eddie Leon,Right-Handed,72,170,0.236,24
Dave Rosello,Right-Handed,71,160,0.236,10
Dale Berra,Right-Handed,72,180,0.236,49
Bob Meacham,Both-Handed,73,175,0.236,8
Luis Aguayo,Right-Handed,69,173,0.236,37
Billy Grabarkewitz,Right-Handed,70,165,0.236,28
Don Hahn,Right-Handed,73,180,0.236,7
Doug Ault,Right-Handed,75,200,0.236,17
Ivan Murrell,Right-Handed,74,195,0.236,33
Jim Fairey,Left-Handed,70,190,0.235,7
Andy Etchebarren,Right-Handed,73,190,0.235,49
Tim Harkness,Left-Handed,74,182,0.235,14
Cesar Gutierrez,Right-Handed,69,155,0.235,0
Chris Cannizzaro,Right-Handed,72,190,0.235,18
Julio Gonzalez,Right-Handed,71,162,0.235,4
Bobby Mitchell,Right-Handed,75,185,0.235,21
Fernando Gonzalez,Right-Handed,70,165,0.235,17
Dalton Jones,Left-Handed,73,180,0.235,41
Phil Linz,Right-Handed,73,180,0.235,11
Craig Kusick,Right-Handed,75,210,0.235,46
Al Luplow,Left-Handed,70,175,0.235,33
Andres Thomas,Right-Handed,73,170,0.234,42
Rick Sweet,Both-Handed,73,200,0.234,6
Rob Picciolo,Right-Handed,74,185,0.234,17
Jerry May,Right-Handed,74,190,0.234,15
Bill Sudakis,Both-Handed,73,190,0.234,59
Len Matuszek,Left-Handed,74,190,0.234,30
Fred Kendall,Right-Handed,73,185,0.234,31
Jerry Dybzinski,Right-Handed,74,180,0.234,3
Steve Lombardozzi,Right-Handed,72,175,0.233,20
Larry Brown,Right-Handed,70,160,0.233,47
Jake Gibbs,Left-Handed,72,180,0.233,25
Wayne Gross,Left-Handed,74,210,0.233,121
Coco Laboy,Right-Handed,70,165,0.233,28
Bob Kearney,Right-Handed,72,190,0.233,27
Ron Woods,Right-Handed,70,168,0.233,26
Paul Popovich,Both-Handed,72,175,0.233,14
Joe Lis,Right-Handed,72,175,0.233,32
Terry Harmon,Right-Handed,74,180,0.233,4
Clay Dalrymple,Left-Handed,72,190,0.233,55
Ted Savage,Right-Handed,73,185,0.233,34
Ron Davis,Right-Handed,72,175,0.233,10
Elio Chacon,Right-Handed,69,160,0.232,4
Vern Fuller,Right-Handed,73,170,0.232,14
Larry Stahl,Left-Handed,72,175,0.232,36
Bob Tillman,Right-Handed,76,205,0.232,79
Ron Gardenhire,Right-Handed,72,175,0.232,4
Buck Rodgers,Both-Handed,74,190,0.232,31
Frank Duffy,Right-Handed,73,180,0.232,26
Brad Wellman,Right-Handed,72,170,0.231,6
Ted Kubiak,Both-Handed,72,175,0.231,13
Roger Metzger,Both-Handed,72,165,0.231,5
Ken Walters,Right-Handed,73,180,0.231,11
Jim Beauchamp,Right-Handed,74,190,0.231,14
Syd O'Brien,Right-Handed,73,185,0.23,24
Billy Smith,Both-Handed,74,185,0.23,17
Steve Whitaker,Left-Handed,72,180,0.23,24
Lenn Sakata,Right-Handed,69,160,0.23,25
Cap Peterson,Right-Handed,74,195,0.23,19
Sandy Valdespino,Left-Handed,68,170,0.23,7
Barry Foote,Right-Handed,75,205,0.23,57
Gary Alexander,Right-Handed,74,195,0.23,55
John Bateman,Right-Handed,75,210,0.23,81
Winston Llenas,Right-Handed,70,165,0.23,3
Wayne Comer,Right-Handed,70,175,0.229,16
Dave McKay,Both-Handed,73,195,0.229,21
Bob Didier,Both-Handed,72,190,0.229,0
Mike Champion,Right-Handed,72,185,0.229,2
Dick Phillips,Left-Handed,72,180,0.229,12
Duane Walker,Left-Handed,72,185,0.229,24
Vic Correll,Right-Handed,70,185,0.229,29
Glenn Borgmann,Right-Handed,76,210,0.229,16
Tommie Aaron,Right-Handed,75,190,0.229,13
Dave Hostetler,Right-Handed,76,215,0.229,37
Doug Clemens,Left-Handed,72,180,0.229,12
Don Leppert,Right-Handed,74,220,0.229,15
Mike Brumley,Left-Handed,70,195,0.229,5
Gene Michael,Both-Handed,74,183,0.229,15
Joe Nossek,Right-Handed,72,178,0.228,3
Mark Belanger,Right-Handed,73,170,0.228,20
Steve Yeager,Right-Handed,72,190,0.228,102
Brian Giles,Right-Handed,73,165,0.228,10
Hal Lanier,Right-Handed,74,180,0.228,8
Russ Gibson,Right-Handed,73,195,0.228,8
Tim Blackwell,Both-Handed,71,170,0.228,6
Johnny Lewis,Left-Handed,73,189,0.227,22
Sal Butera,Right-Handed,72,190,0.227,8
Dick Billings,Right-Handed,73,195,0.227,16
Chris Bando,Both-Handed,72,195,0.227,27
Larry Lintz,Both-Handed,69,150,0.227,0
Mike Fiore,Left-Handed,72,175,0.227,13
Bill Voss,Left-Handed,74,160,0.227,19
Jim Traber,Left-Handed,72,194,0.227,27
Ken Suarez,Right-Handed,69,175,0.227,5
Tommie Reynolds,Right-Handed,74,190,0.226,12
Mike Richardt,Right-Handed,72,170,0.226,4
Mike Sadek,Right-Handed,69,165,0.226,5
Jim Gosger,Left-Handed,71,185,0.226,30
Buddy Bradford,Right-Handed,71,170,0.226,52
Nate Oliver,Right-Handed,70,160,0.226,2
Catfish Hunter,Right-Handed,72,190,0.226,6
Bob Barton,Right-Handed,72,175,0.226,9
Pete Mackanin,Right-Handed,74,190,0.226,30
Buck Martinez,Right-Handed,70,190,0.225,58
Bobby Cox,Right-Handed,71,180,0.225,9
Tom Satriano,Left-Handed,73,185,0.225,21
Paul Casanova,Right-Handed,76,180,0.225,50
Hector Cruz,Right-Handed,71,170,0.225,39
Tim Laudner,Right-Handed,75,212,0.225,77
Gorman Thomas,Right-Handed,74,210,0.225,268
Rich McKinney,Right-Handed,71,185,0.225,20
John Kennedy,Right-Handed,72,185,0.225,32
Jeff Newman,Right-Handed,74,215,0.224,63
Ed Brinkman,Right-Handed,72,170,0.224,60
Enzo Hernandez,Right-Handed,68,155,0.224,2
Carmen Fanzone,Right-Handed,72,200,0.224,20
Roger Repoz,Left-Handed,75,190,0.224,82
Dick Nen,Left-Handed,74,200,0.224,21
Bob Burda,Left-Handed,71,174,0.224,13
Danny Walton,Right-Handed,72,195,0.223,28
Joe Lahoud,Left-Handed,73,198,0.223,65
Marc Hill,Right-Handed,75,205,0.223,34
Nelson Mathews,Right-Handed,76,195,0.223,22
Tim Johnson,Left-Handed,73,170,0.223,0
Sam Bowens,Right-Handed,73,188,0.223,45
Andres Mora,Right-Handed,72,180,0.223,27
Jimmie Schaffer,Right-Handed,69,170,0.223,11
Kevin Bell,Right-Handed,72,195,0.222,13
Johnnie LeMaster,Right-Handed,74,165,0.222,22
Duffy Dyer,Right-Handed,72,187,0.221,30
Larry Cox,Right-Handed,70,178,0.221,12
Ken Gerhart,Right-Handed,72,190,0.221,24
Gary Allenson,Right-Handed,71,185,0.221,19
Bob Jones,Left-Handed,74,195,0.221,20
Rick Renick,Right-Handed,72,188,0.221,20
Jerry Buchek,Right-Handed,71,185,0.22,22
Tim Cullen,Right-Handed,73,185,0.22,9
Ed Crosby,Left-Handed,74,175,0.22,0
Danny Ainge,Right-Handed,76,175,0.22,2
Jim Nettles,Left-Handed,72,186,0.22,16
Pedro Garcia,Right-Handed,70,175,0.22,37
Rick Auerbach,Right-Handed,72,165,0.22,9
Todd Cruz,Right-Handed,72,175,0.22,34
Mike Fischlin,Right-Handed,73,165,0.22,3
Ellie Hendricks,Left-Handed,73,175,0.22,62
Bob Coluccio,Right-Handed,71,183,0.22,26
Ted Ford,Right-Handed,70,180,0.219,17
Craig Robinson,Right-Handed,70,165,0.219,0
John Boccabella,Right-Handed,73,195,0.219,26
Al Weis,Both-Handed,72,160,0.219,7
Jim Anderson,Right-Handed,72,170,0.218,13
Stan Papi,Right-Handed,72,170,0.218,7
Tucker Ashford,Right-Handed,73,195,0.218,6
Dal Maxvill,Right-Handed,71,157,0.217,6
Vic Harris,Both-Handed,71,165,0.217,13
Darrel Chaney,Both-Handed,74,188,0.217,14
Hector Torres,Right-Handed,72,175,0.216,18
Joe Lovitto,Both-Handed,72,185,0.216,4
Steve Swisher,Right-Handed,74,205,0.216,20
Pat Corrales,Right-Handed,72,180,0.216,4
Billy Bryan,Left-Handed,76,200,0.216,41
Howie Goss,Right-Handed,76,204,0.216,11
Fred Stanley,Right-Handed,70,165,0.216,10
John Stephenson,Left-Handed,71,180,0.216,12
Larry Haney,Right-Handed,74,195,0.215,12
Phil Roof,Right-Handed,74,190,0.215,43
Jose Arcia,Right-Handed,75,170,0.215,1
Mario Mendoza,Right-Handed,71,170,0.215,4
Steve Renko,Right-Handed,77,230,0.215,6
Tom Matchick,Left-Handed,73,173,0.215,4
Skip Jutze,Right-Handed,71,190,0.215,3
Bobby Wine,Right-Handed,73,187,0.215,30
Luis Alvarado,Right-Handed,69,162,0.214,5
Dave Duncan,Right-Handed,74,190,0.214,109
Jim Price,Right-Handed,72,192,0.214,18
Jeff Torborg,Right-Handed,72,195,0.214,8
Hal King,Left-Handed,73,200,0.214,24
Frank Quilici,Right-Handed,73,170,0.214,5
Dave Hilton,Right-Handed,71,191,0.213,6
Alan Knicely,Right-Handed,72,190,0.213,12
Ken Rudolph,Right-Handed,73,180,0.213,6
Curt Motton,Right-Handed,68,164,0.213,25
Dick Tracewski,Right-Handed,71,160,0.213,8
Dave Campbell,Right-Handed,73,180,0.213,20
Bob Forsch,Right-Handed,76,200,0.213,12
Mick Kelleher,Right-Handed,69,176,0.213,0
Rusty Torres,Both-Handed,70,175,0.212,35
Angel Salazar,Right-Handed,72,180,0.212,2
Ned Yost,Right-Handed,73,190,0.212,16
Rudy Meoli,Left-Handed,69,165,0.212,2
Dave Nicholson,Right-Handed,74,215,0.212,61
Jack Heidemann,Right-Handed,72,175,0.211,9
Terry Humphrey,Right-Handed,75,185,0.211,6
Jerry Narron,Left-Handed,75,205,0.211,21
Steve Jeltz,Both-Handed,71,180,0.21,5
Luis Gomez,Right-Handed,69,150,0.21,0
Jackie Hernandez,Right-Handed,71,165,0.208,12
Bobby Klaus,Right-Handed,70,170,0.208,6
Dick Simpson,Right-Handed,76,176,0.207,15
Tom Lawless,Right-Handed,71,170,0.207,2
Steve Huntz,Both-Handed,73,204,0.206,16
Don Mason,Left-Handed,71,160,0.205,3
Tom Nieto,Right-Handed,73,193,0.205,5
George Smith,Right-Handed,70,170,0.205,9
Buddy Biancalana,Both-Handed,71,160,0.205,6
Jerry Zimmerman,Right-Handed,74,185,0.204,3
Jim Mason,Left-Handed,74,185,0.203,12
John Hale,Left-Handed,74,195,0.201,14
Jim Maloney,Left-Handed,74,190,0.201,7
Steve Carlton,Left-Handed,76,210,0.201,13
Jim Rooker,Right-Handed,72,195,0.201,7
Doug Frobel,Left-Handed,76,196,0.201,20
Bob Uecker,Right-Handed,73,190,0.2,14
Tom Egan,Right-Handed,76,218,0.2,22
Doug Camilli,Right-Handed,71,195,0.199,18
Frank Fernandez,Right-Handed,72,185,0.199,39
Orlando Mercado,Right-Handed,72,180,0.199,7
Bob Davis,Right-Handed,72,180,0.197,6
Jim French,Left-Handed,68,180,0.196,5
Rick Wise,Right-Handed,73,180,0.195,15
Rich Morales,Right-Handed,71,170,0.195,6
Dan Briggs,Left-Handed,72,180,0.195,12
Dave Roberts,Left-Handed,75,195,0.194,7
Mike Ryan,Right-Handed,74,205,0.193,28
Mike Krukow,Right-Handed,77,205,0.193,5
Luis Pujols,Right-Handed,74,175,0.193,6
Tony Cloninger,Right-Handed,72,210,0.192,11
Ray Sadecki,Left-Handed,71,180,0.191,5
Ron Clark,Right-Handed,70,175,0.189,5
Bill Plummer,Right-Handed,73,190,0.188,14
Dick Ruthven,Right-Handed,75,190,0.183,1
Tommy Dean,Right-Handed,72,165,0.18,4
Ray Oyler,Right-Handed,71,165,0.175,15
Sonny Siebert,Right-Handed,75,190,0.173,12
Steve Blass,Right-Handed,72,165,0.172,1
Andy Messersmith,Right-Handed,73,200,0.17,5
John Denny,Right-Handed,75,185,0.17,0
Phil Niekro,Right-Handed,73,180,0.169,7
J.R. Richard,Right-Handed,80,222,0.168,10
Jerry Reuss,Left-Handed,77,200,0.167,1
Fergie Jenkins,Right-Handed,77,205,0.165,13
Juan Marichal,Right-Handed,72,185,0.165,4
Luis Tiant,Right-Handed,72,180,0.164,5
Ken Holtzman,Right-Handed,74,175,0.163,2
Jim Barr,Right-Handed,75,205,0.162,1
John Vukovich,Right-Handed,73,187,0.161,6
Mel Stottlemyre,Right-Handed,73,178,0.16,7
Fritz Peterson,Both-Handed,72,185,0.159,2
Ron Reed,Right-Handed,78,215,0.158,0
Tommy John,Right-Handed,75,180,0.157,5
Joe Niekro,Right-Handed,73,185,0.156,1
Carl Morton,Right-Handed,72,200,0.156,7
Tom Seaver,Right-Handed,73,195,0.154,12
Sam McDowell,Left-Handed,77,190,0.154,2
Ray Burris,Right-Handed,77,200,0.151,1
Don Wilson,Right-Handed,74,195,0.146,1
Don Sutton,Right-Handed,73,185,0.144,0
Gary Nolan,Right-Handed,74,197,0.138,1
Steve Rogers,Right-Handed,74,175,0.138,0
Woodie Fryman,Right-Handed,75,197,0.138,2
Bob Knepper,Left-Handed,75,195,0.137,6
Larry Dierker,Right-Handed,76,215,0.136,4
Jim Lonborg,Right-Handed,77,200,0.136,3
Joe Horlen,Right-Handed,72,170,0.134,0
Denny McLain,Right-Handed,73,185,0.133,1
Dave McNally,Right-Handed,71,185,0.133,9
Randy Jones,Right-Handed,72,178,0.132,0
Mario Soto,Right-Handed,72,174,0.132,1
Gaylord Perry,Right-Handed,76,205,0.131,6
Denny Lemaster,Right-Handed,73,182,0.13,4
Al Downing,Right-Handed,71,175,0.127,2
Joaquin Andujar,Both-Handed,72,170,0.127,5
Fred Norman,Both-Handed,68,155,0.125,0
Burt Hooton,Right-Handed,73,210,0.123,4
Ray Culp,Right-Handed,72,200,0.123,1
Jerry Koosman,Right-Handed,74,205,0.119,2
Steve Barber,Left-Handed,72,195,0.115,5
Bob Veale,Both-Handed,78,212,0.114,0
Jack Billingham,Right-Handed,76,195,0.111,0
Mickey Lolich,Both-Handed,73,170,0.11,0
Vida Blue,Both-Handed,72,189,0.104,4
Dean Chance,Right-Handed,75,200,0.066,0
